Title,Description
Levantar da cama,Levante-se e comece o dia.
Escovar os dentes,Escove os dentes para manter a saúde bucal.
Tomar café da manhã,Tome uma refeição matinal para energia.
Fazer exercícios físicos,Faça exercícios para manter o corpo saudável.
Tomar banho,Tome um banho para se refrescar.
Vestir-se,Vista-se para as atividades do dia.
Checar e-mails,Verifique e responda aos e-mails importantes.
Planejar o dia,Estabeleça metas e prioridades para o dia.
Trabalhar em projetos,Concentre-se em realizar tarefas profissionais.
Fazer uma pausa,Reserve um tempo para descansar e recarregar.
Almoçar,Tire um tempo para uma refeição saudável.
Continuar trabalhando,Prossiga com as atividades profissionais.
Fazer uma pausa para café,Tire um momento para uma pausa rápida.
Reunião de equipe,Participe de uma reunião com colegas.
Resolver problemas,Aborde questões e desafios do trabalho.
Retornar chamadas,Entre em contato com pessoas por telefone.
Atualizar o progresso,Registre e compartilhe o progresso das tarefas.
Fazer uma pausa para lanche,Tire um momento para um lanche leve.
Revisar documentos,Revise e edite documentos importantes.
Responder mensagens,Responda às mensagens de texto e aplicativos.
Fazer chamadas de acompanhamento,Entre em contato com clientes ou colegas.
Finalizar tarefas inacabadas,Conclua as tarefas que ficaram pendentes.
Planejar o dia seguinte,Antecipe as atividades para o próximo dia.
Jantar,Tire um tempo para uma refeição noturna.
Assistir a um filme ou série,Relaxe e desfrute de entretenimento.
Ler um livro,Desfrute de leitura para relaxar a mente.
Arrumar a casa,Realize tarefas domésticas para manter a ordem.
Preparar roupas para o dia seguinte,Organize roupas para o próximo dia.
Escovar os dentes antes de dormir,Prepare-se para uma boa higiene bucal.
Ir para a cama,Prepare-se para dormir e descansar.
Meditar,Pratique a meditação para relaxamento e clareza mental.
Alongar o corpo,Faça exercícios de alongamento para relaxar os músculos.
Escrever em um diário,Registre pensamentos e reflexões do dia.
Planejar refeições futuras,Planeje as refeições para os próximos dias.
Fazer compras de supermercado,Compre mantimentos e itens essenciais.
Pagar contas,Realize o pagamento de contas pendentes.
Limpar a geladeira,Organize e limpe a geladeira para manter a frescura dos alimentos.
Estudar,Dedique tempo ao estudo de um assunto de interesse.
Fazer a lista de afazeres do dia seguinte,Prepare uma lista de tarefas para o próximo dia.
Ligar para familiares ou amigos,Mantenha contato com entes queridos.
Praticar um hobby,Dedique tempo a atividades que trazem prazer.
Aprender algo novo,Explore novos conhecimentos ou habilidades.
Fazer uma caminhada,Desfrute do ar fresco e do exercício físico.
Organizar arquivos digitais,Organize documentos e arquivos em seu computador.
Regar as plantas,Mantenha as plantas saudáveis regando-as regularmente.
Fazer uma videochamada com amigos,Converse com amigos através de uma chamada de vídeo.
Escrever um e-mail para um colega de trabalho,Entre em contato com um colega por e-mail.
Revisar o planejamento financeiro,Analise e ajuste seu planejamento financeiro pessoal.
Fazer uma lista de gratidão,Reflicta sobre coisas pelas quais você é grato.
Desligar dispositivos eletrônicos antes de dormir,Prepare-se para uma boa noite de sono desligando dispositivos eletrônicos.